FirstName, LastName, Email, FileName, Subscribe
JOSH,KERY,josh@yhch-dev.com,J_KERY_story_020624_085713.mp3,False
,,,york_audio_story_020624_090915.mp3,True
,,,york_audio_story_020624_091047.mp3,False
,,,york_audio_story_020624_091204.mp3,False
,,,york_audio_story_020624_092550.mp3,False
J,K,josh@ychc-dev.com,J_K_story_020624_105005.mp3,True
,,,york_audio_story_020624_105340.mp3,False
,,,york_audio_story_020624_105517.mp3,False
,,,york_audio_story_020624_131252.mp3,False
,,,york_audio_story_020624_131338.mp3,False
,,,york_audio_story_020624_131414.mp3,False
,,,york_audio_story_020624_131625.mp3,False
,,,york_audio_story_020624_133349.mp3,True
